brand,website,date
foholo,https://foholo.org,2026-06-27
triton h2o,https://tritonh2o.com,2026-06-27
tinewa,https://tinewa.com,2026-06-27
fit space,https://fitspace.in,2026-06-27
ginseng up,https://ginsengup.com,2026-06-27
savor life,https://savorlife.com,2026-06-27
delta loom,https://deltaloom.com,2026-06-27
hush candles,https://hushcandlesco.com,2026-06-27
herbatint,https://herbatint.com,2026-06-27
nauvora,https://nauvora.com,2026-06-27
accucraft,https://accucraft.net,2026-06-27
holy voice,https://holyvoice.co,2026-06-27
tcomf,https://tcomf.com,2026-06-27
choice bundle,https://choicebundle.com,2026-06-27
vir,https://vir.com,2026-06-27
the foamory,https://thefoamory.com,2026-06-27
modica,https://modica.in,2026-06-27
stream 2 sea,https://stream2sea.com,2026-06-27
netgear,https://netgear.com,2026-06-27
paiseec,https://paiseec.com,2026-06-27
geekee,https://geekee.co,2026-06-27
orchard books,https://orchardbooks.org,2026-06-27
inkbird,https://inkbird.com,2026-06-27
veer,https://veer.com,2026-06-27
forfox,https://forfox.net,2026-06-27
design engineering,https://designengineering.com,2026-06-27
funamins,https://funamins.com,2026-06-27
areta,https://areta.in,2026-06-27
strongsuit,https://strongsuit.com,2026-06-27
panama rug gallery,https://panamaruggallery.com,2026-06-27
then i met you,https://thenimetyou.com,2026-06-27
fortem,https://fortem.in,2026-06-27
balennz,https://balennz.com,2026-06-27
plago,https://plago.com,2026-06-27
flyland,https://flyland.com,2026-06-27
drinklits,https://drinklits.com,2026-06-27
witwot,https://witwot.com,2026-06-27
jaysloo,https://jaysloo.com,2026-06-27
eazer,https://eazer.com,2026-06-27
brightup,https://brightup.org,2026-06-27
mancave hero,https://mancavehero.com,2026-06-27
vegan brain food,https://veganbrainfood.com,2026-06-27
restworld,https://restworld.in,2026-06-27
liuchxili,https://liuchxili.com,2026-06-27
dr teal's,https://drteals.com,2026-06-27
schwank,https://schwank.com,2026-06-27
moritic,https://moritic.org,2026-06-27
dr. heff's,https://drheffs.com,2026-06-27
paracity,https://paracity.com,2026-06-27
nocoex,https://nocoex.net,2026-06-27
moderna,https://moderna.co,2026-06-27
final boss,https://finalboss.com,2026-06-27
common sense,https://commonsense.org,2026-06-27
cheeky bonsai,https://cheekybonsai.com,2026-06-27
zhou,https://zhou.co,2026-06-27
sakos,https://sakos.com,2026-06-27
loona,https://loona.com,2026-06-27
blue buffalo,https://bluebuffalo.com,2026-06-27
hopeshine,https://hopeshine.org,2026-06-27
pawtria,https://pawtria.com,2026-06-27
swanson,https://swanson.co,2026-06-27
spice beast,https://thespicebeast.com,2026-06-27
revolia,https://revolia.pro,2026-06-27
ait products,https://aitproducts.com,2026-06-27
sentrysafe,https://sentrysafe.com,2026-06-27
grace folly,https://gracefolly.com,2026-06-27
sorop,https://sorop.com,2026-06-27
mebo,https://mebo.com,2026-06-27
lionel,https://lionel.com,2026-06-27
roaming cooking,https://roamingcooking.com,2026-06-27
quench,https://quench.co,2026-06-27
wolfpak,https://wolfpak.com,2026-06-27
dakota trails,https://dakotatrails.org,2026-06-27
armory replicas,https://armoryreplicas.com,2026-06-27
vimtoba,https://vimtoba.com,2026-06-27
lucky line,https://luckyline.com,2026-06-27
lavazza,https://lavazza.com,2026-06-27
partywoo,https://partywoo.com,2026-06-27
thrival,https://thrival.com,2026-06-27
mother love,https://motherlove.com,2026-06-27
freegrace,https://freegrace.org,2026-06-27
niubil,https://niubil.com,2026-06-27
matiere premiere,https://matiere-premiere.com,2026-06-27
ct sun,https://ctsun.com,2026-06-27
nichols farms,https://nicholsfarms.com,2026-06-27
assembled,https://assembled.com,2026-06-27
jpnd,https://jpnd.com,2026-06-27
instaflex,https://instaflex.co,2026-06-27
bams,https://bams.com,2026-06-27
ventura foods,https://venturafoods.com,2026-06-27
ramona,https://ramona.com,2026-06-27
pet life maximizer,https://petlifemaximizer.com,2026-06-27
aviano,https://aviano.in,2026-06-27
brave niuniu,https://braveniuniu.com,2026-06-27
issa matcha!,https://issamatcha.com,2026-06-27
good natured brand,https://goodnaturedbrand.com,2026-06-27
comfy deal,https://comfydeal.com,2026-06-27
chimi boss blends,https://chimibossblends.com,2026-06-27
eternal fragrance,https://eternalfragrance.com,2026-06-27
nemah,https://nemah.com,2026-06-27
rocollos,https://rocollos.com,2026-06-27
darice,https://darice.com,2026-06-27
borghese,https://borghese.com,2026-06-27
trola,https://trola.net,2026-06-27
fabric empire,https://fabricempire.com,2026-06-27
coospider,https://coospider.com,2026-06-27
hal roach studios,https://halroachstudios.com,2026-06-27
ancient nutrition,https://ancientnutrition.com,2026-06-27
exploding kittens,https://explodingkittens.com,2026-06-27
ziqing,https://ziqing.co,2026-06-27
fateeye,https://fateeye.com,2026-06-27
ruifq,https://ruifq.com,2026-06-27
goffred,https://goffred.com,2026-06-27
zomfelt,https://zomfelt.org,2026-06-27
geist.,https://geist.com,2026-06-27
nutribiotic,https://nutribiotic.com,2026-06-27
mebie baby,https://mebiebaby.com,2026-06-27
golopet,https://golopet.com,2026-06-27
ubeesize,https://ubeesize.com,2026-06-27
wintour,https://wintour.net,2026-06-27
ginspire nutrition,https://ginspirenutrition.com,2026-06-27
purpleplumeria,https://purpleplumeria.com,2026-06-27
kingseal,https://kingseal.com,2026-06-27
farmer mani,https://farmermani.com,2026-06-27
noonoojoojoo,https://noonoojoojoo.com,2026-06-27
readywired,https://readywired.com,2026-06-27
vidaya,https://vidaya.co,2026-06-27
woodyknows,https://woodyknows.com,2026-06-27
sefralls,https://sefralls.com,2026-06-27
home lights,https://homelights.in,2026-06-27
itrue,https://itrue.org,2026-06-27
tokluck,https://tokluck.net,2026-06-27
erun,https://erun.in,2026-06-27
dreshow,https://dreshow.com,2026-06-27
siclia,https://siclia-com.l.ink,2026-06-27
ventus,https://ventus.in,2026-06-27
heimma,https://heimma.com,2026-06-27
neftis,https://neftis.com,2026-06-27
cleanblend,https://cleanblend.com,2026-06-27
loba,https://loba.com,2026-06-27
green estetica,https://greenestetica.com,2026-06-27
amsproof,https://amsproof.com,2026-06-27
helena chemical,https://helenachemical.org,2026-06-27
wior,https://wior.com,2026-06-27
kaizen casa,https://kaizencasa.com,2026-06-27
hibgloza,https://hibgloza.com,2026-06-27
crauru,https://crauru.com,2026-06-27
long leaf,https://longleaf.com,2026-06-27
bird-x,https://bird-x.com,2026-06-27
eagle claw,https://eagleclaw.com,2026-06-27
wildley,https://wildley.net,2026-06-27
veyora,https://veyora.com,2026-06-27
frozen dessert supplies,https://frozendessertsupplies.com,2026-06-27
elixarx,https://elixarx.com,2026-06-27
clylife,https://clylife.com,2026-06-27
golden eagle,https://goldeneaglecoin.com:443,2026-06-27
bestview,https://bestview.co,2026-06-27
rise311,https://rise311.com,2026-06-27
feetis,https://feetis.com,2026-06-27
aloof,https://aloof.studio,2026-06-27
creativetrees,https://creativetrees.com,2026-06-27
focusline,https://focusline.co,2026-06-27
mokkobrand,https://mokkobrand.com,2026-06-27
spruce,https://spruce.com,2026-06-27
jonesbar,https://jonesbar.com,2026-06-27
lvonge,https://lvonge.com,2026-06-27
elfluna,https://elfluna.com,2026-06-27
get this,https://getthis.com,2026-06-27
davines,https://davines.com,2026-06-27
cruvheal,https://cruvheal.com,2026-06-27
cozyxworld,https://cozyxworld.com,2026-06-27
