brand,date
blue-emu,2026-06-27
shynerk,2026-06-27
lyayan,2026-06-27
fireor,2026-06-27
zarbitta,2026-06-27
glowspire,2026-06-27
healnap,2026-06-27
azure sky,2026-06-27
ocharo,2026-06-27
3 corações,2026-06-27
showeroro,2026-06-27
in 30 minutes guides,2026-06-27
nomgeg,2026-06-27
hgqiviut,2026-06-27
wlgdlh,2026-06-27
triple r-l publishing,2026-06-27
jdinaas,2026-06-27
yunluye,2026-06-27
big crazy,2026-06-27
eavesince,2026-06-27
original classics,2026-06-27
syfuo,2026-06-27
graphics & more,2026-06-27
youthship,2026-06-27
sel natural,2026-06-27
eloqueen,2026-06-27
rtiriitch,2026-06-27
cozyide,2026-06-27
wiojtry,2026-06-27
cradoa,2026-06-27
fiyuk,2026-06-27
hey chews,2026-06-27
honyqishuo,2026-06-27
mskmnkot,2026-06-27
denties,2026-06-27
ieddet,2026-06-27
treela,2026-06-27
beginner books,2026-06-27
gemsme,2026-06-27
sidande,2026-06-27
leather cpr,2026-06-27
faigeo,2026-06-27
thanth,2026-06-27
scwboeii,2026-06-27
cesailt,2026-06-27
koolife,2026-06-27
fpvcqnm,2026-06-27
domaxarts,2026-06-27
jnzyb,2026-06-27
xwsg,2026-06-27
tegion,2026-06-27
anparkmir,2026-06-27
nacho valentine cinco de mayo,2026-06-27
tocliky,2026-06-27
partsflow,2026-06-27
yorpyep,2026-06-27
paissit,2026-06-27
holaraon,2026-06-27
kazmido,2026-06-27
rirdglsy,2026-06-27
olreco,2026-06-27
tengxcel,2026-06-27
iuhgnehs,2026-06-27
bag-that!,2026-06-27
viraélive,2026-06-27
sjfbjnjhj,2026-06-27
dr. murray natural products,2026-06-27
necooer,2026-06-27
doufuhua,2026-06-27
2k furniture designs,2026-06-27
qntry,2026-06-27
corciova,2026-06-27
keeshine,2026-06-27
fanobl,2026-06-27
cloatfet,2026-06-27
bamuho,2026-06-27
sweetgrove,2026-06-27
deluxity,2026-06-27
petsinurarea,2026-06-27
bonbongame.com,2026-06-27
hlosmcd,2026-06-27
ww-wonderfulworld,2026-06-27
distart,2026-06-27
gqbiaoji,2026-06-27
cafhelp,2026-06-27
dpofirs,2026-06-27
bfs ent & multimedia limi,2026-06-27
jiabolang,2026-06-27
fghju,2026-06-27
iq builder,2026-06-27
hungsmart,2026-06-27
asten,2026-06-27
blenstcs,2026-06-27
sthmeooht,2026-06-27
ssfeg,2026-06-27
pyxovixar,2026-06-27
gokbuy,2026-06-27
silvuria,2026-06-27
dingkei,2026-06-27
yssreey,2026-06-27
ofusuy,2026-06-27
shrida naturals,2026-06-27
fitness inspireways,2026-06-27
elutong,2026-06-27
jegs,2026-06-27
c'rcle,2026-06-27
suslum,2026-06-27
hawthorne collections,2026-06-27
tubla,2026-06-27
jones new york,2026-06-27
yehoyod,2026-06-27
zhfartmy,2026-06-27
sopoke,2026-06-27
columbia records group,2026-06-27
chentec,2026-06-27
diudus,2026-06-27
apokamori,2026-06-27
finch + fennel,2026-06-27
captaincrafts,2026-06-27
lxwzhk,2026-06-27
yrenoer,2026-06-27
hfho,2026-06-27
uhoolly,2026-06-27
huaeryouyue,2026-06-27
thxknj,2026-06-27
brushtech,2026-06-27
park seed,2026-06-27
ort-noistudio,2026-06-27
mariyandh,2026-06-27
vc vintage couture,2026-06-27
nhuheq,2026-06-27
himesport,2026-06-27
weradau,2026-06-27
sunlitopto,2026-06-27
yhnnh,2026-06-27
merriva,2026-06-27
fitactic,2026-06-27
zaddgiuuy,2026-06-27
wyqjhkv,2026-06-27
chikesi,2026-06-27
mariage frères,2026-06-27
happy sales,2026-06-27
440934,2026-06-27
capalbo's gift baskets,2026-06-27
olnverath,2026-06-27
growtent garden,2026-06-27
graball golf products inc.,2026-06-27
esalia,2026-06-27
uzdotb,2026-06-27
bankrenart,2026-06-27
hvssy,2026-06-27
spargos,2026-06-27
dyw,2026-06-27
dhk devil hunter killer,2026-06-27
fduzrh,2026-06-27
kalerona,2026-06-27
sm-xlhn,2026-06-27
desunny,2026-06-27
"perfumeworldwide, inc. drop ship",2026-06-27
yasmart life,2026-06-27
norton - assa abloy,2026-06-27
butterblu,2026-06-27
loochica,2026-06-27
temple univ pr,2026-06-27
steefan,2026-06-27
sqero,2026-06-27
hajimari,2026-06-27
amimojy,2026-06-27
jhomon,2026-06-27
mege knight,2026-06-27
dafinner,2026-06-27
yugood,2026-06-27
tayas,2026-06-27
gimwa,2026-06-27
nafhone,2026-06-27
gonhom,2026-06-27
difethen,2026-06-27
fanuerg,2026-06-27
sobibo,2026-06-27
hibety,2026-06-27
zhanhuyt,2026-06-27
salon selectives,2026-06-27
prezon,2026-06-27
lvifloae,2026-06-27
猫壱,2026-06-27
fortnight bedding,2026-06-27
tonbeen,2026-06-27
keydol,2026-06-27
letgoshop,2026-06-27
kosiz,2026-06-27
kaichenyt,2026-06-27
folai,2026-06-27
vafon,2026-06-27
giryuhd,2026-06-27
yavil,2026-06-27
sports shirts,2026-06-27
sinnsally,2026-06-27
noedy,2026-06-27
piaomtiee,2026-06-27
ocean view deep waves pomade,2026-06-27
idyl light,2026-06-27
laitebei,2026-06-27
baby sia,2026-06-27
grillers choice,2026-06-27
qixjipni,2026-06-27
ripples,2026-06-27
wgf professional nail care,2026-06-27
odowalker,2026-06-27
toacsucp,2026-06-27
abucaky,2026-06-27
xoyoyzu,2026-06-27
wriyes,2026-06-27
anroha,2026-06-27
drifire,2026-06-27
digyioke,2026-06-27
aroocke,2026-06-27
aludapiju,2026-06-27
kuneuii,2026-06-27
moctour,2026-06-27
author and writer gifts and apparel,2026-06-27
vive md,2026-06-27
crystalberry,2026-06-27
rgosme,2026-06-27
galya games,2026-06-27
fwdmhao,2026-06-27
tinkuy,2026-06-27
kojih,2026-06-27
parthea,2026-06-27
irunzo,2026-06-27
jwt,2026-06-27
harvow,2026-06-27
diodiva,2026-06-27
hopolon,2026-06-27
lupow,2026-06-27
peilouw,2026-06-27
eufance,2026-06-27
bsgogo,2026-06-27
sanzie,2026-06-27
harindiver,2026-06-27
f-fun soul,2026-06-27
mountain wild,2026-06-27
gleewind,2026-06-27
xgurwssr,2026-06-27
yamoloz,2026-06-27
brother truckers,2026-06-27
bmenoaz,2026-06-27
prtcslwd,2026-06-27
haellun,2026-06-27
diinou,2026-06-27
sweetneedle,2026-06-27
jyincped,2026-06-27
hydrophy,2026-06-27
roxdme,2026-06-27
sydney grace,2026-06-27
duaderm natural,2026-06-27
naydertl,2026-06-27
dawaqwe,2026-06-27
nlfdbfsh,2026-06-27
bizzee baby,2026-06-27
drozeeo,2026-06-27
yoardah,2026-06-27
turlee,2026-06-27
zpptt,2026-06-27
nylvian,2026-06-27
ntlfup,2026-06-27
divine bedding,2026-06-27
osem,2026-06-27
alming,2026-06-27
zzxx,2026-06-27
oikiiwoo,2026-06-27
eduplink,2026-06-27
clervun,2026-06-27
niles + chaz,2026-06-27
dnkzwupup,2026-06-27
zbxfcsh,2026-06-27
gjiaukiz,2026-06-27
terrifi,2026-06-27
qepeety,2026-06-27
klxxujk,2026-06-27
starroad-tim,2026-06-27
sneovvin,2026-06-27
potchen,2026-06-27
jaunniqir,2026-06-27
styfasin,2026-06-27
hulacoola,2026-06-27
aokiie,2026-06-27
achenmire,2026-06-27
molarun,2026-06-27
apinowin,2026-06-27
fayogoo,2026-06-27
mod v,2026-06-27
mts tech,2026-06-27
gomakerer,2026-06-27
eclaron,2026-06-27
youdokekenai,2026-06-27
l2jk,2026-06-27
nozomia,2026-06-27
dtkiusdkr,2026-06-27
fenely,2026-06-27
widesea,2026-06-27
xinqidai,2026-06-27
wyjzdzq8,2026-06-27
brett dewall,2026-06-27
ancaixin,2026-06-27
momenpet,2026-06-27
luminara candles,2026-06-27
mca / zebra,2026-06-27
kork-ease,2026-06-27
prosoft&hawiton,2026-06-27
metway,2026-06-27
vellsenne,2026-06-27
ajonrkwm,2026-06-27
kamumanni,2026-06-27
refgy,2026-06-27
avoirdus,2026-06-27
leburry,2026-06-27
peenoke,2026-06-27
soanny,2026-06-27
idhhco,2026-06-27
willgotop,2026-06-27
wzikai,2026-06-27
hompavo,2026-06-27
mttyyd,2026-06-27
sauz,2026-06-27
jerbcks,2026-06-27
zawqiye,2026-06-27
iqyiolz,2026-06-27
ywzioka,2026-06-27
tee time tees,2026-06-27
pyaeas,2026-06-27
seajel,2026-06-27
hormauword,2026-06-27
elite medical instruments emi,2026-06-27
hourom,2026-06-27
bhtcd,2026-06-27
bickkomg,2026-06-27
slthe,2026-06-27
csodince,2026-06-27
korbloom,2026-06-27
lr rocaloca,2026-06-27
abrams image,2026-06-27
psasrm,2026-06-27
royal windsor,2026-06-27
boobie brands,2026-06-27
rurality,2026-06-27
shivery shake,2026-06-27
zoemeilil,2026-06-27
duxusk,2026-06-27
kadorva,2026-06-27
